{"bike": [0.9327272727272728, 0.5336363636363636, 0.7477272727272728, 0.6186363636363637, 0.644090909090909, 0.46409090909090905], "car": [0.18136363636363637, 0.7581818181818182, 0.24136363636363636, 0.6240909090909091, 0.6631818181818182, 0.6918181818181818], "bus": [0.7763636363636364, 0.6459090909090909, 0.7240909090909091, 0.7204545454545455, 0.6809090909090909, 0.7345454545454546], "walk": [0.9845454545454546, 0.6286363636363637, 0.9690909090909091, 0.5818181818181818, 0.29863636363636364, 0.6654545454545454]}