{"bike": [0.8914529914529915, 0.5017094017094017, 0.7119658119658119, 0.5017094017094017, 0.4418803418803419, 0.3487179487179487], "car": [0.25213675213675213, 0.852991452991453, 0.3871794871794872, 0.8316239316239317, 0.8179487179487179, 0.7606837606837606], "bus": [0.7094017094017093, 0.5170940170940171, 0.694017094017094, 0.40341880341880343, 0.40683760683760684, 0.7170940170940171], "walk": [0.9632478632478632, 0.6119658119658119, 0.9598290598290597, 0.5222222222222223, 0.22905982905982905, 0.5991452991452991]}