{"bike": [0.8858267716535433, 0.5007874015748032, 0.7149606299212599, 0.4984251968503937, 0.4440944881889764, 0.337007874015748], "car": [0.25275590551181104, 0.8464566929133858, 0.3850393700787401, 0.8299212598425196, 0.8165354330708661, 0.7653543307086614], "bus": [0.7078740157480314, 0.5165354330708661, 0.6897637795275591, 0.4023622047244094, 0.4031496062992126, 0.7086614173228346], "walk": [0.962992125984252, 0.6039370078740157, 0.9614173228346458, 0.5228346456692913, 0.23149606299212597, 0.6015748031496063]}