{"bike": [0.9104166666666667, 0.6541666666666667, 0.7375, 0.725, 0.7395833333333333, 0.5479166666666667], "car": [0.18333333333333332, 0.8, 0.23958333333333334, 0.5958333333333333, 0.7083333333333333, 0.7604166666666667], "bus": [0.7604166666666667, 0.6208333333333333, 0.69375, 0.6791666666666667, 0.6708333333333333, 0.7541666666666667], "walk": [0.9979166666666666, 0.81875, 0.9854166666666666, 0.81875, 0.5208333333333333, 0.7375]}