{"bike": [0.8848, 0.4992, 0.7136, 0.4976, 0.44160000000000005, 0.3352], "car": [0.2496, 0.8455999999999999, 0.3856, 0.8311999999999999, 0.8160000000000001, 0.7624], "bus": [0.7048, 0.52, 0.6872, 0.4032, 0.404, 0.7152000000000001], "walk": [0.9624, 0.6096, 0.9608000000000001, 0.5264, 0.23359999999999997, 0.6032]}