{"bike": [0.9533678756476685, 0.7404145077720207, 0.8533678756476684, 0.8253886010362693, 0.8020725388601037, 0.5388601036269429], "car": [0.13367875647668395, 0.7362694300518136, 0.23678756476683938, 0.5341968911917099, 0.6119170984455959, 0.7523316062176166], "bus": [0.7300518134715026, 0.5518134715025906, 0.6450777202072538, 0.5072538860103627, 0.49067357512953363, 0.7808290155440415], "walk": [0.9953367875647668, 0.6974093264248704, 0.9875647668393782, 0.5782383419689119, 0.26580310880829017, 0.7233160621761658]}