{"bike": [0.9, 0.4884057971014493, 0.7188405797101449, 0.5014492753623189, 0.44782608695652176, 0.3536231884057971], "car": [0.25217391304347825, 0.8507246376811594, 0.3710144927536232, 0.8565217391304347, 0.8420289855072463, 0.7710144927536231], "bus": [0.7057971014492754, 0.5173913043478261, 0.6884057971014493, 0.4144927536231884, 0.39565217391304347, 0.7072463768115942], "walk": [0.972463768115942, 0.6043478260869566, 0.9521739130434783, 0.48695652173913045, 0.21594202898550724, 0.6057971014492753]}