{"bike": [0.8724999999999999, 0.635, 0.74875, 0.6925, 0.7275, 0.48375], "car": [0.16625, 0.7375, 0.23374999999999999, 0.5775, 0.64625, 0.7125], "bus": [0.7462500000000001, 0.6, 0.68875, 0.655, 0.6325000000000001, 0.74], "walk": [0.9724999999999999, 0.80625, 0.9775, 0.80375, 0.50125, 0.70625]}