{"bike": [0.9542372881355933, 0.7401129943502825, 0.8542372881355933, 0.8254237288135593, 0.8005649717514125, 0.5401129943502825], "car": [0.1344632768361582, 0.7418079096045198, 0.23389830508474577, 0.535593220338983, 0.6073446327683616, 0.7519774011299435], "bus": [0.7310734463276837, 0.5542372881355933, 0.648587570621469, 0.5022598870056497, 0.4836158192090395, 0.7847457627118645], "walk": [0.9977401129943504, 0.6977401129943502, 0.9898305084745763, 0.5711864406779661, 0.2638418079096045, 0.7242937853107344]}