{"bike": [0.9533980582524272, 0.7349514563106796, 0.8621359223300971, 0.8233009708737864, 0.7893203883495146, 0.5446601941747573], "car": [0.12233009708737863, 0.758252427184466, 0.23980582524271843, 0.5524271844660193, 0.6330097087378641, 0.7456310679611651], "bus": [0.7310679611650486, 0.5563106796116505, 0.6320388349514563, 0.4980582524271845, 0.4951456310679611, 0.7825242718446602], "walk": [0.9990291262135923, 0.6825242718446602, 0.9902912621359222, 0.5359223300970875, 0.2524271844660194, 0.7359223300970874]}