{"bike": [0.9536082474226804, 0.7402061855670103, 0.8536082474226804, 0.8247422680412371, 0.8020618556701031, 0.5391752577319588], "car": [0.13453608247422683, 0.7360824742268041, 0.23762886597938143, 0.5350515463917526, 0.6128865979381444, 0.7520618556701031], "bus": [0.7298969072164948, 0.5520618556701031, 0.6458762886597939, 0.506701030927835, 0.4912371134020619, 0.7809278350515464], "walk": [0.9953608247422681, 0.6974226804123711, 0.9876288659793815, 0.5783505154639175, 0.26597938144329897, 0.7242268041237113]}