{"bike": [0.869047619047619, 0.6321428571428571, 0.7476190476190476, 0.6869047619047619, 0.7226190476190476, 0.4809523809523809], "car": [0.16785714285714287, 0.7309523809523809, 0.22976190476190475, 0.5726190476190476, 0.6428571428571429, 0.7095238095238094], "bus": [0.7476190476190476, 0.5988095238095238, 0.6869047619047619, 0.6476190476190476, 0.6333333333333333, 0.7440476190476191], "walk": [0.9738095238095237, 0.8119047619047619, 0.9785714285714286, 0.8011904761904762, 0.49642857142857144, 0.7119047619047618]}