{"bike": [0.931219512195122, 0.5331707317073171, 0.7526829268292683, 0.6219512195121951, 0.6478048780487805, 0.47317073170731705], "car": [0.18682926829268293, 0.76, 0.24682926829268292, 0.6234146341463415, 0.6663414634146341, 0.6951219512195121], "bus": [0.7775609756097561, 0.646829268292683, 0.7292682926829268, 0.7253658536585366, 0.6853658536585365, 0.7360975609756097], "walk": [0.9834146341463414, 0.6234146341463415, 0.9697560975609756, 0.5673170731707317, 0.2926829268292683, 0.6663414634146341]}