{"bike": [0.9301470588235293, 0.5257352941176471, 0.7529411764705882, 0.6161764705882353, 0.6419117647058823, 0.4794117647058823], "car": [0.21102941176470588, 0.7911764705882354, 0.2448529411764706, 0.6426470588235295, 0.6845588235294118, 0.7], "bus": [0.7676470588235295, 0.6573529411764706, 0.7463235294117647, 0.7426470588235294, 0.6992647058823529, 0.7382352941176471], "walk": [0.9852941176470589, 0.6029411764705882, 0.9764705882352942, 0.5367647058823529, 0.275, 0.6602941176470588]}