{"bike": [0.9074074074074074, 0.6296296296296297, 0.8518518518518517, 0.6296296296296297, 0.7037037037037037, 0.5370370370370371], "car": [0.35185185185185186, 0.9074074074074074, 0.2962962962962963, 0.6851851851851851, 0.7407407407407408, 0.8148148148148149], "bus": [0.7777777777777778, 0.5185185185185185, 0.7222222222222222, 0.6666666666666666, 0.6481481481481481, 0.7222222222222222], "walk": [0.9629629629629629, 0.7222222222222222, 0.9814814814814815, 0.7037037037037037, 0.35185185185185186, 0.7407407407407408]}