{"bike": [0.8333333333333334, 0.5, 0.8333333333333334, 0.5, 0.3333333333333333, 0.3333333333333333], "car": [0.16666666666666666, 0.8333333333333334, 0.3333333333333333, 0.6666666666666666, 0.8333333333333334, 0.6666666666666666], "bus": [0.8333333333333334, 0.8333333333333334, 0.6666666666666666, 0.6666666666666666, 0.5, 0.6666666666666666], "walk": [1.0, 0.16666666666666666, 1.0, 0.3333333333333333, 0.16666666666666666, 0.8333333333333334]}