{"bike": [0.9, 0.6166666666666667, 0.85, 0.6166666666666667, 0.6666666666666666, 0.5166666666666667], "car": [0.3333333333333333, 0.9, 0.3, 0.6833333333333332, 0.75, 0.7999999999999999], "bus": [0.7833333333333333, 0.5499999999999999, 0.7166666666666667, 0.6666666666666666, 0.6333333333333333, 0.7166666666666667], "walk": [0.9666666666666667, 0.6666666666666666, 0.9833333333333334, 0.6666666666666666, 0.3333333333333333, 0.75]}